id,first_name,last_name,email,gender,ip_address
1,Brigitta,Woodroff,bwoodroff0@wp.com,Female,7***********
2,Kiele,Buckeridge,kbuckeridge1@jalbum.net,Female,2***********
3,Marijn,Behling,mbehling2@mediafire.com,Male,1**************
4,Maryrose,Spafford,mspafford3@simplemachines.org,Female,1**************
5,Thedrick,McCready,tmccready4@washingtonpost.com,Male,8************
6,Ailyn,August,aaugust5@europa.eu,Female,6*************
7,Winn,Bush,wbush6@illinois.edu,Male,3************
8,Lindsay,Harvatt,lharvatt7@nydailynews.com,Female,2**************
9,Elfie,Irlam,eirlam8@marketwatch.com,Female,1***********
10,Jeannie,Ambrogioni,jambrogioni9@eventbrite.com,Female,3************
